trade_date,close,pct_change,amount,ema_bfq_20,bias
2025-05-06,1125.5,0.58,465514.0,1126.34509,-0.0751
2025-05-07,1138.41,1.15,545050.0,1127.49413,0.9635
2025-05-08,1154.6,1.42,749095.0,1130.07564,2.1469
2025-05-09,1150.55,-0.35,340990.0,1132.02558,1.6232
2025-05-12,1167.33,1.46,552384.0,1135.38791,2.7745
2025-05-13,1164.35,-0.26,386486.0,1138.1462,2.2762
2025-05-14,1223.39,5.07,1794759.0,1146.26466,6.5117
2025-05-15,1210.17,-1.08,948441.0,1152.35088,4.8957
2025-05-16,1191.73,-1.52,609935.0,1156.10127,3.0353
2025-05-19,1189.25,-0.21,465255.0,1159.25829,2.5542
2025-05-20,1197.9,0.73,512794.0,1162.93846,2.962
2025-05-21,1201.01,0.26,464573.0,1166.56432,2.91
2025-05-22,1202.82,0.15,364123.0,1170.01724,2.765
2025-05-23,1186.31,-1.37,533555.0,1171.56893,1.2504
2025-05-26,1191.49,0.44,482944.0,1173.46618,1.5243
2025-05-27,1190.74,-0.06,314893.0,1175.1113,1.3212
2025-05-28,1191.13,0.03,376557.0,1176.63689,1.2242
2025-05-29,1196.82,0.48,441738.0,1178.55909,1.5375
2025-05-30,1191.9,-0.41,469239.0,1179.82966,1.0179
2025-06-03,1203.64,0.98,496564.0,1182.09731,1.806
2025-06-04,1206.76,0.26,554213.0,1184.44614,1.8664
2025-06-05,1214.97,0.68,585623.0,1187.35317,2.2993
2025-06-06,1204.2,-0.89,466185.0,1188.95763,1.2738
2025-06-09,1209.29,0.42,416591.0,1190.89405,1.5329
2025-06-10,1202.48,-0.56,540680.0,1191.99747,0.8756
2025-06-11,1227.94,2.12,769657.0,1195.42057,2.684
2025-06-12,1237.08,0.74,787702.0,1199.38813,3.0942
2025-06-13,1229.0,-0.65,574261.0,1202.20831,2.2041
2025-06-16,1231.38,0.19,619491.0,1204.98657,2.1667
2025-06-17,1228.82,-0.21,583754.0,1207.25642,1.7704
2025-06-18,1216.54,-1.0,550597.0,1208.14057,0.6928
2025-06-19,1201.76,-1.21,464815.0,1207.5329,-0.4792
2025-06-20,1232.37,2.55,764509.0,1209.89833,1.8403
2025-06-23,1241.01,0.7,625893.0,1212.86135,2.2943
2025-06-24,1278.04,2.98,1073573.0,1219.06884,4.724
2025-06-25,1306.55,2.23,1158980.0,1227.40038,6.2492
2025-06-26,1298.37,-0.63,615605.0,1234.15939,5.072
2025-06-27,1280.16,-1.4,833096.0,1238.5404,3.3051
2025-06-30,1258.66,-1.68,617854.0,1240.45655,1.4568
2025-07-01,1262.44,0.3,426037.0,1242.55022,1.588
2025-07-02,1261.87,-0.05,418386.0,1244.39019,1.3949
2025-07-03,1262.61,0.06,386953.0,1246.12541,1.3142
2025-07-04,1276.75,1.12,730864.0,1249.04204,2.1941
2025-07-07,1277.21,0.04,437585.0,1251.7247,2.0156
2025-07-08,1277.14,-0.01,484012.0,1254.14521,1.8169
2025-07-09,1260.38,-1.31,526317.0,1254.739,0.4486
2025-07-10,1282.25,1.74,847418.0,1257.35909,1.9603
2025-07-11,1297.24,1.17,1345799.0,1261.15728,2.8209
2025-07-14,1294.26,-0.23,599141.0,1264.30992,2.3413
2025-07-15,1284.14,-0.78,570229.0,1266.1985,1.407
2025-07-16,1276.61,-0.59,574497.0,1267.19007,0.7406
2025-07-17,1276.69,0.01,359903.0,1268.09482,0.6755
2025-07-18,1279.69,0.24,705223.0,1269.19913,0.8232
2025-07-21,1280.33,0.05,665551.0,1270.25921,0.7897
2025-07-22,1270.93,-0.73,913301.0,1270.32309,0.0478
2025-07-23,1299.52,2.25,1153650.0,1273.10375,2.0537
2025-07-24,1311.51,0.92,895931.0,1276.76149,2.6852
2025-07-25,1303.14,-0.64,792145.0,1279.27373,1.8484
2025-07-28,1348.74,3.5,1369049.0,1285.88956,4.772
2025-07-29,1332.75,-1.19,773956.0,1290.35246,3.2329
2025-07-30,1357.81,1.88,1103073.0,1296.77699,4.5991
2025-07-31,1313.24,-3.28,1032215.0,1298.3449,1.1407
2025-08-01,1301.22,-0.92,649704.0,1298.61871,0.2001
2025-08-04,1301.95,0.06,500511.0,1298.93598,0.2318
2025-08-05,1323.23,1.63,616436.0,1301.2497,1.6751
2025-08-06,1322.71,-0.04,459204.0,1303.29353,1.4788
2025-08-07,1316.04,-0.5,465059.0,1304.50748,0.8802
2025-08-08,1304.49,-0.88,467297.0,1304.50582,-0.0012
2025-08-11,1301.21,-0.25,647900.0,1304.19193,-0.2289
2025-08-12,1309.06,0.6,647157.0,1304.65556,0.337
2025-08-13,1308.34,-0.06,926528.0,1305.00646,0.2551
2025-08-14,1336.27,2.13,1293465.0,1307.98394,2.1395
2025-08-15,1346.22,0.74,1208375.0,1311.62547,2.6033
2025-08-18,1341.16,-0.38,1062372.0,1314.43828,2.0126
2025-08-19,1314.9,-1.96,914137.0,1314.48225,0.0318
2025-08-20,1339.33,1.86,755314.0,1316.8487,1.6928
2025-08-21,1344.06,0.35,661317.0,1319.44026,1.8487
2025-08-22,1364.59,1.53,845168.0,1323.74023,3.0393
2025-08-25,1375.76,0.82,887635.0,1328.6945,3.4809
2025-08-26,1363.17,-0.92,630958.0,1331.97788,2.3148
2025-08-27,1322.68,-2.97,1173515.0,1331.09237,-0.634
2025-08-28,1327.35,0.35,832205.0,1330.73595,-0.2548
2025-08-29,1352.33,1.88,1543232.0,1332.79253,1.4553
2025-09-01,1320.82,-2.33,1130464.0,1331.65229,-0.8168
2025-09-02,1323.22,0.18,775846.0,1330.84921,-0.5749
2025-09-03,1298.52,-1.87,805073.0,1327.77024,-2.2276
2025-09-04,1291.83,-0.51,967873.0,1324.34736,-2.486
2025-09-05,1297.84,0.46,702222.0,1321.82285,-1.831
2025-09-08,1290.71,-0.55,649863.0,1318.85972,-2.1575
2025-09-09,1295.65,0.38,683995.0,1316.64927,-1.6078
2025-09-10,1292.62,-0.23,425149.0,1314.36077,-1.6679
2025-09-11,1311.48,1.46,758405.0,1314.08641,-0.1985
2025-09-12,1288.79,-1.73,820370.0,1311.67723,-1.7603
2025-09-15,1279.16,-0.75,695244.0,1308.58035,-2.2739
2025-09-16,1263.03,-1.26,806122.0,1304.24222,-3.2109
2025-09-17,1261.36,-0.13,829254.0,1300.1582,-3.0295
2025-09-18,1233.41,-2.22,1119769.0,1293.80123,-4.7802
2025-09-19,1227.39,-0.49,641952.0,1287.47635,-4.7794
2025-09-22,1227.5,0.01,460939.0,1281.76432,-4.3258
2025-09-23,1226.11,-0.11,699242.0,1276.4639,-4.0247
2025-09-24,1231.02,0.4,594449.0,1272.13591,-3.2854
2025-09-25,1226.37,-0.38,503191.0,1267.77726,-3.3207
2025-09-26,1233.02,0.54,681005.0,1264.46704,-2.5184
2025-09-29,1252.31,1.56,1445811.0,1263.30923,-0.8745
2025-09-30,1234.92,-1.39,973481.0,1260.60549,-2.0586
2025-10-09,1233.78,-0.09,907438.0,1258.05068,-1.9481
2025-10-10,1243.97,0.83,848968.0,1256.70967,-1.0189
2025-10-13,1234.11,-0.79,727806.0,1254.55732,-1.6433
2025-10-14,1268.18,2.76,1520207.0,1255.85471,0.9766
2025-10-15,1298.08,2.36,1163803.0,1259.87617,2.9873
2025-10-16,1312.41,1.1,1336007.0,1264.87939,3.6888
2025-10-17,1289.36,-1.76,1000767.0,1267.21088,1.7328
2025-10-20,1305.43,1.25,929802.0,1270.85079,2.6846
2025-10-21,1314.81,0.72,1132728.0,1275.03739,3.0717
2025-10-22,1316.72,0.15,608477.0,1279.00716,2.906
2025-10-23,1327.91,0.85,657005.0,1283.66457,3.3887
2025-10-24,1313.16,-1.11,670668.0,1286.47366,2.0532
2025-10-27,1314.27,0.08,954756.0,1289.12093,1.9321
2025-10-28,1313.8,-0.04,660659.0,1291.47132,1.7142
2025-10-29,1335.79,1.67,1087197.0,1295.69215,3.0478
2025-10-30,1329.98,-0.43,1026444.0,1298.95766,2.3602
2025-10-31,1301.51,-2.14,1052773.0,1299.20074,0.1776
2025-11-03,1304.01,0.19,675520.0,1299.65876,0.3342
2025-11-04,1316.46,0.96,638310.0,1301.25888,1.1614
2025-11-05,1303.1,-1.01,491269.0,1301.43422,0.1279
2025-11-06,1319.02,1.22,777774.0,1303.10906,1.2136
2025-11-07,1317.73,-0.1,520204.0,1304.50153,1.009
2025-11-10,1330.31,0.95,652293.0,1306.95948,1.7709
2025-11-11,1322.49,-0.59,505384.0,1308.43858,1.0682
2025-11-12,1346.09,1.78,1451804.0,1312.02443,2.5633
2025-11-13,1362.7,1.23,948874.0,1316.85067,3.4225
2025-11-14,1352.41,-0.76,800077.0,1320.23727,2.4077
2025-11-17,1332.46,-1.47,664448.0,1321.40134,0.8334
2025-11-18,1324.34,-0.61,585681.0,1321.68122,0.201
2025-11-19,1346.27,1.66,870097.0,1324.023,1.6663
2025-11-20,1342.27,-0.3,551940.0,1325.76081,1.2376
2025-11-21,1311.44,-2.3,767925.0,1324.39693,-0.9831
2025-11-24,1299.23,-0.93,642560.0,1322.00008,-1.7374
2025-11-25,1323.95,1.9,578014.0,1322.18578,0.1333
2025-11-26,1325.88,0.15,492494.0,1322.53761,0.2524
2025-11-27,1322.08,-0.29,588462.0,1322.49403,-0.0313
2025-11-28,1314.12,-0.6,502931.0,1321.6965,-0.5749
2025-12-01,1308.87,-0.4,710212.0,1320.47493,-0.8827
2025-12-02,1313.89,0.38,568299.0,1319.8478,-0.4524
2025-12-03,1300.67,-1.01,452689.0,1318.02134,-1.3252
2025-12-04,1305.47,0.37,313989.0,1316.82597,-0.8661
2025-12-05,1380.92,5.78,1550246.0,1322.93017,4.2901
2025-12-08,1407.54,1.93,1202881.0,1330.98825,5.5922
2025-12-09,1385.1,-1.59,631257.0,1336.14175,3.5986
2025-12-10,1390.11,0.36,552863.0,1341.28158,3.5757
2025-12-11,1386.92,-0.23,569972.0,1345.6281,3.0225
2025-12-12,1413.51,1.92,1081661.0,1352.09304,4.4422
2025-12-15,1474.73,4.33,1616985.0,1363.77275,7.822
2025-12-16,1467.46,-0.49,1114439.0,1373.64773,6.6063
2025-12-17,1498.69,2.13,1291045.0,1385.55651,7.849
2025-12-18,1509.23,0.7,876307.0,1397.33494,7.7033
2025-12-19,1512.82,0.24,829516.0,1408.33352,7.1568
2025-12-22,1511.21,-0.11,756058.0,1418.13128,6.3571
2025-12-23,1529.88,1.24,982364.0,1428.77401,6.8373
2025-12-24,1518.56,-0.74,672891.0,1437.32506,5.4979
2025-12-25,1554.89,2.39,961616.0,1448.52172,7.0861
2025-12-26,1557.81,0.19,827358.0,1458.93013,6.5578
2025-12-29,1535.11,-1.46,806359.0,1466.18535,4.5938
2025-12-30,1513.23,-1.42,1064286.0,1470.6658,2.8531
2025-12-31,1505.88,-0.49,603041.0,1474.01953,2.1384
2026-01-05,1598.86,6.17,1719548.0,1485.9091,7.3264
2026-01-06,1650.84,3.25,2061134.0,1501.6168,9.4742
2026-01-07,1642.85,-0.48,1404500.0,1515.06758,8.0972
2026-01-08,1585.29,-3.5,1934681.0,1521.75543,4.0903
2026-01-09,1559.75,-1.61,2080677.0,1525.37396,2.2286
2026-01-12,1532.86,-1.72,1892930.0,1526.08692,0.4428
2026-01-13,1554.04,1.38,1714452.0,1528.74912,1.6408
2026-01-14,1526.45,-1.78,1660675.0,1528.53015,-0.1362
2026-01-15,1529.77,0.22,1263807.0,1528.64823,0.0734
2026-01-16,1503.78,-1.7,1549463.0,1526.27983,-1.4851
2026-01-19,1501.28,-0.17,1029730.0,1523.8989,-1.4954
2026-01-20,1508.95,0.51,1152428.0,1522.47519,-0.8923
2026-01-21,1492.61,-1.08,1075587.0,1519.63089,-1.7941
2026-01-22,1467.07,-1.71,1259218.0,1514.62509,-3.1901
2026-01-23,1443.29,-1.62,1589107.0,1507.83127,-4.3747
2026-01-26,1460.54,1.2,2165196.0,1503.32734,-2.8875
2026-01-27,1489.07,1.95,1797007.0,1501.9695,-0.8625
2026-01-28,1480.33,-0.59,1976181.0,1499.90859,-1.3139
2026-01-29,1547.57,4.54,2745622.0,1504.44777,2.826
2026-01-30,1522.73,-1.61,1649919.0,1506.18894,1.0922
2026-02-02,1499.15,-1.55,1501114.0,1505.51856,-0.4239
2026-02-03,1505.66,0.43,1206167.0,1505.53203,0.0085
2026-02-04,1524.6,1.26,968305.0,1507.34803,1.138
2026-02-05,1520.21,-0.29,988356.0,1508.57298,0.7684
2026-02-06,1511.86,-0.55,840505.0,1508.88603,0.1969
2026-02-09,1548.0,2.39,1099821.0,1512.61117,2.3126
2026-02-10,1538.23,-0.63,647933.0,1515.05106,1.5183
2026-02-11,1522.4,-1.03,749210.0,1515.75096,0.4377
2026-02-12,1500.45,-1.44,760396.0,1514.29372,-0.9184
2026-02-13,1474.31,-1.74,838110.0,1510.48575,-2.4241
2026-02-24,1455.41,-1.28,946358.0,1505.24044,-3.3665
2026-02-25,1462.19,0.47,889666.0,1501.1404,-2.629
2026-02-26,1426.74,-2.42,1181227.0,1494.05465,-4.6102
2026-02-27,1419.21,-0.53,768866.0,1486.92658,-4.6611
2026-03-02,1401.76,-1.23,1134390.0,1478.81548,-5.3513
2026-03-03,1408.18,0.46,1349600.0,1472.08829,-4.4384
2026-03-04,1381.85,-1.87,1253910.0,1463.49417,-5.7404
2026-03-05,1388.62,0.49,767087.0,1456.3633,-4.7632
2026-03-06,1398.81,0.73,691810.0,1450.88203,-3.655
2026-03-09,1370.09,-2.05,957894.0,1443.18755,-5.1978
2026-03-10,1387.59,1.28,600601.0,1437.89255,-3.561
2026-03-11,1396.16,0.62,649909.0,1433.91802,-2.6685
2026-03-12,1379.57,-1.19,652229.0,1428.74202,-3.5022
2026-03-13,1369.48,-0.73,535966.0,1423.09801,-3.8405
2026-03-16,1359.12,-0.76,850458.0,1417.00487,-4.1708
2026-03-17,1389.29,2.22,1115650.0,1414.36536,-1.7888
2026-03-18,1392.69,0.24,683835.0,1412.30104,-1.3983
2026-03-19,1362.96,-2.13,759906.0,1407.60189,-3.2229
2026-03-20,1342.27,-1.52,701583.0,1401.37981,-4.3095
2026-03-23,1287.03,-4.12,1277895.0,1390.48935,-7.7318
2026-03-24,1298.27,0.87,780872.0,1381.70655,-6.2287
2026-03-25,1314.77,1.27,651120.0,1375.33164,-4.5033
2026-03-26,1268.48,-3.52,1152146.0,1365.1553,-7.3449
2026-03-27,1268.21,-0.02,929392.0,1355.92241,-6.6876
2026-03-30,1252.54,-1.24,858145.0,1346.07647,-7.2021
2026-03-31,1259.93,0.59,811081.0,1337.87204,-6.0024
2026-04-01,1291.14,2.48,800495.0,1333.42137,-3.2223
2026-04-02,1273.1,-1.4,569838.0,1327.67648,-4.1976
2026-04-03,1270.15,-0.23,408088.0,1322.19777,-4.016
2026-04-07,1254.89,-1.2,563687.0,1315.7875,-4.7387
2026-04-08,1321.37,5.3,1266961.0,1316.31917,0.383
2026-04-09,1297.86,-1.78,708827.0,1314.56115,-1.2786
2026-04-10,1304.35,0.5,811729.0,1313.58866,-0.7058
2026-04-13,1280.98,-1.79,674640.0,1310.48308,-2.277
2026-04-14,1305.6,1.92,726749.0,1310.01802,-0.3378
2026-04-15,1298.64,-0.53,605047.0,1308.9344,-0.7896
2026-04-16,1298.32,-0.02,736668.0,1307.9235,-0.737
2026-04-17,1285.52,-0.99,764559.0,1305.78984,-1.5645
2026-04-20,1296.24,0.83,676161.0,1304.88033,-0.6644
2026-04-21,1284.87,-0.88,616398.0,1302.97458,-1.3992
2026-04-22,1283.89,-0.08,708749.0,1301.157,-1.3359
2026-04-23,1279.42,-0.35,707736.0,1299.08681,-1.5255
2026-04-24,1275.33,-0.32,619485.0,1296.82426,-1.6713
2026-04-27,1269.62,-0.45,623981.0,1294.23338,-1.9201
2026-04-28,1270.63,0.08,650830.0,1291.98544,-1.6667
2026-04-29,1307.49,2.9,1558783.0,1293.46206,1.0787
2026-04-30,1305.07,-0.18,1380320.0,1294.56758,0.808
2026-05-06,1304.49,-0.04,1092585.0,1295.51257,0.6906
2026-05-07,1319.41,1.14,1527782.0,1297.78852,1.6523
2026-05-08,1317.29,-0.16,873983.0,1299.6458,1.3485
2026-05-11,1323.04,0.44,1492919.0,1301.87382,1.6127
2026-05-12,1309.76,-1.0,861930.0,1302.62489,0.5463
2026-05-13,1276.94,-2.51,1375412.0,1300.17871,-1.8035
2026-05-14,1252.65,-1.9,983330.0,1295.65216,-3.3753
2026-05-15,1223.69,-2.31,1080652.0,1288.79862,-5.184
2026-05-18,1207.66,-1.31,805350.0,1281.07114,-5.9012
2026-05-19,1201.72,-0.49,814604.0,1273.51388,-5.8026
2026-05-20,1193.05,-0.72,663254.0,1265.85066,-5.9231
2026-05-21,1183.65,-0.79,1093483.0,1258.02202,-6.0938
2026-05-22,1180.12,-0.3,691740.0,1250.60278,-5.801
2026-05-25,1191.95,1.0,831563.0,1245.0168,-4.3558
2026-05-26,1193.65,0.14,1094461.0,1240.12473,-3.8196
2026-05-27,1171.78,-1.83,893713.0,1233.61571,-5.1425
2026-05-28,1155.15,-1.42,884278.0,1226.14278,-5.9643
